run_id,phase,mean_voltage,std_voltage,ci95_voltage_low,ci95_voltage_high,mean_current,std_current,ci95_current_low,ci95_current_high,mean_power,std_power,ci95_power_low,ci95_power_high,mean_energy,std_energy,ci95_energy_low,ci95_energy_high
SNTRUP761_run03_waveform,active,5.394753125,0.005058585117124908,5.394466624651436,5.395039625348565,0.5729046666666666,0.010788981428867568,0.5722936169623613,0.573515716370972,3.0906778483333333,0.058190797275900964,3.0873821276294686,3.093973569037198,23.655450102499998,13.679705326109403,22.88068003271958,24.430220172280414
SNTRUP761_run03_waveform,idle_post,5.384875000000001,0.005545785769024889,5.383298905123191,5.3864510948768105,0.43731964000000006,0.0014097196386487106,0.43691900211156554,0.4377202778884346,2.35491328,0.008274469108168854,2.3525617018985616,2.357264858101438,48.046127299999995,0.43726303574226494,47.921858520217526,48.17039607978246
SNTRUP761_run13_waveform,active,5.396177083333334,0.0031341955338532743,5.395999573596495,5.396354593070172,0.5741039425000001,0.010944417040337101,0.5734840894730592,0.574723795526941,3.0979668166666667,0.059082207207402725,3.0946206096607676,3.101313023672566,23.706833060833333,13.709355131379878,22.930383731072475,24.48328239059419
SNTRUP761_run13_waveform,idle_post,5.3964,0.002076963049792689,5.395809733632268,5.396990266367732,0.43764154,0.0018364932556258315,0.437119614391612,0.438163465608388,2.3616890799999997,0.009928470784361444,2.358867439823203,2.3645107201767965,48.16249284,0.43830149791668976,48.037928932533006,48.28705674746699
SNTRUP761_run28_waveform,active,5.3961531250000005,0.003315609427028767,5.39596534062264,5.396340909377361,0.57414881,0.010617104902592826,0.5735474947735274,0.5747501252264725,3.0981965141666667,0.05739962956042946,3.0949456024006783,3.101447425932655,23.698703325,13.70962193879314,22.92223888421202,24.47516776578798
SNTRUP761_run28_waveform,idle_post,5.396650000000001,0.0015452362609131417,5.396210848713651,5.397089151286351,0.4386106199999999,0.001621028042285992,0.4381499289277118,0.439071311072288,2.3670282400000002,0.008710759653276107,2.3645526694975603,2.36950381050244,48.159900500000006,0.43962368221581205,48.03496083191282,48.28484016808719
SNTRUP761_run05_waveform,active,5.39615690376569,0.0030447982035672508,5.395984096055523,5.3963297114758575,0.5729816744769874,0.01064071133251686,0.5723777602478698,0.5735855887061051,3.091898253556485,0.05738432345792502,3.088641402733117,3.0951551043798533,23.551280146443514,13.624399783023927,22.778026494968962,24.324533797918065
SNTRUP761_run05_waveform,idle_post,5.396475000000001,0.003100053488676082,5.39559397454665,5.397356025453351,0.4370729599999999,0.0012483112994794796,0.43671819385400806,0.43742772614599174,2.3586541800000003,0.0070490736942190445,2.3566508554219454,2.360657504578055,47.86224064,0.4390376194820674,47.73746752909887,47.987013750901134
SNTRUP761_run17_waveform,active,5.396017197986577,0.0033967495008486483,5.395824172322163,5.396210223650991,0.5746373573825503,0.010359334345267575,0.5740486718187835,0.5752260429463171,3.1007533288590605,0.05593470369598456,3.0975747508267335,3.1039319068913875,23.565966981543625,13.624739217364127,22.791719619693286,24.340214343393964
SNTRUP761_run17_waveform,idle_post,5.3931000000000004,0.0053406890176899355,5.391582192974992,5.394617807025009,0.43824238,0.001994427879603264,0.43767556986810374,0.43880919013189623,2.36348306,0.010583718335852133,2.3604752005294984,2.3664909194705017,47.86361798000001,0.4382991208438702,47.739054748089636,47.98818121191038
SNTRUP761_run19_waveform,active,5.395966902581183,0.003510845918673771,5.395768143666672,5.396165661495694,0.5769800982514571,0.011037515050288205,0.5763552333154522,0.577604963187462,3.1133663788509574,0.05962153159472271,3.109991035365154,3.116741722336761,23.811966210657783,13.787284585634474,23.031429046175415,24.59250337514015
SNTRUP761_run19_waveform,idle_post,5.397025,0.0017657816099047163,5.396523170418973,5.397526829581027,0.4394903200000001,0.0009132011969563127,0.4392307910913902,0.43974984890861,2.37194056,0.004944707721949799,2.3705352896140766,2.3733458303859236,48.4121065,0.44052708152307096,48.28691008867043,48.53730291132957
SNTRUP761_run12_waveform,active,5.396066484899329,0.0033751783946046033,5.395874685047155,5.396258284751503,0.5744430889261745,0.01105158591438278,0.5738150650717753,0.5750711127805737,3.0997337760067114,0.05968532352161707,3.0963420630689034,3.1031254889445195,23.56493915184564,13.623658868541735,22.790753182526363,24.339125121164916
SNTRUP761_run12_waveform,idle_post,5.396699999999999,0.0028094229198995417,5.395901570840406,5.397498429159592,0.43795264,0.0009543270470090716,0.4376814232541255,0.4382238567458745,2.36349908,0.005114333654364294,2.362045602457474,2.364952557542526,47.863771320000005,0.44054863034789427,47.73856878456218,47.98897385543783
SNTRUP761_run30_waveform,active,5.3961781848459625,0.0030067276568505703,5.396007965491667,5.396348404200258,0.5741667960033305,0.010325534866494039,0.5735822382786823,0.5747513537279788,3.0983069400499583,0.05576509240372872,3.0951499204909907,3.101463959608926,23.727841084929224,13.725973529407318,22.9507749126993,24.50490725715915
SNTRUP761_run30_waveform,idle_post,5.39605,0.0029705184045611477,5.395205788010231,5.3968942119897685,0.43899326,0.007875641897545076,0.43675502733770727,0.4412314926622927,2.36882972,0.042506659578614825,2.3567494610101303,2.3809099789898696,48.215439339999996,0.4387377420674842,48.09075145331712,48.340127226682874
SNTRUP761_run10_waveform,active,5.396302083333334,0.0031652262226560357,5.396122816128162,5.396481350538507,0.5740190341666666,0.010753079609685912,0.5734100178142711,0.574628050519062,3.097579675,0.05801902519605063,3.0942936828584924,3.1008656671415076,23.709983063333336,13.710750244273004,22.933454719318313,24.48651140734836
SNTRUP761_run10_waveform,idle_post,5.396750000000001,0.002369017707396742,5.396076732616945,5.397423267383057,0.43778106,0.001466922217516965,0.43736416531852484,0.43819795468147515,2.36259562,0.008172032989359746,2.360273153921417,2.3649180860785832,48.160128459999996,0.43888976624396486,48.03539736852421,48.28485955147578
SNTRUP761_run20_waveform,active,5.396213572023314,0.002884942052569385,5.396050247296431,5.396376896750198,0.5746257643630308,0.010539159252375353,0.5740291127578664,0.5752224159681952,3.100803950041632,0.05691018372610625,3.0975821036251134,3.1040257964581506,23.76801104496253,13.727260059753323,22.990872038612004,24.54515005131306
SNTRUP761_run20_waveform,idle_post,5.395725,0.004157992672098467,5.394543311557415,5.396906688442584,0.43992668,0.01353554231694753,0.43607992143609414,0.4437734385639059,2.3737200400000003,0.07292000936137948,2.352996402636777,2.3944436773632236,48.251235179999995,0.43874890129175503,48.12654412190067,48.37592623809932
SNTRUP761_run21_waveform,active,5.396111458333333,0.003297572204208037,5.395924695520403,5.396298221146264,0.574557505,0.010820016164257984,0.5739446975981763,0.5751703124018237,3.100376425,0.05840599165347019,3.097068516448594,3.103684333551406,23.723549118333334,13.717540798268528,22.946636181385383,24.500462055281286
SNTRUP761_run21_waveform,idle_post,5.395074999999999,0.004311011647928075,5.3938498240456525,5.396300175954346,0.43843188000000005,0.001522222913226256,0.4379992690346976,0.4388644909653025,2.3653725999999997,0.008313504914245488,2.363009928045223,2.3677352719547766,48.1880353,0.4392221354355226,48.06320975024511,48.3128608497549
SNTRUP761_run01_waveform,active,5.396153442485307,0.0032806596341489864,5.395966935402617,5.396339949567997,0.5715546523929471,0.01035258161860239,0.5709661031341653,0.5721432016517289,3.0841964366078924,0.055874094499932296,3.081019967383641,3.0873729058321437,23.41696586565911,13.5489688559791,22.646700450594363,24.18723128072386
SNTRUP761_run01_waveform,idle_post,5.3957749999999995,0.0035345416525876974,5.394770494376716,5.396779505623283,0.43922207999999996,0.020624524407963786,0.4333606550171617,0.4450835049828382,2.36992794,0.11082644902718808,2.3384314116807157,2.4014244683192847,47.602231880000005,0.4387749022700683,47.47753343250441,47.7269303274956
SNTRUP761_run08_waveform,active,5.396234388009992,0.0030832233910832343,5.396059838015887,5.396408938004097,0.5737986244796004,0.01021619606709694,0.5732202567335457,0.5743769922256551,3.0963525287260616,0.055179264401881215,3.09322867454673,3.0994763829053933,23.712407850124897,13.716185646789192,22.935895797605607,24.488919902644188
SNTRUP761_run08_waveform,idle_post,5.3969249999999995,0.001640720660476468,5.396458712347545,5.397391287652454,0.43780964,0.0010878529454942,0.4375004756136488,0.4381188043863512,2.36282578,0.005774939177310236,2.3611845604451296,2.3644669995548706,48.18446099999999,0.4386601231032745,48.05979517238267,48.30912682761731
SNTRUP761_run22_waveform,active,5.3960439330543934,0.0031628825818658295,5.39586442345804,5.396223442650747,0.5748697656903766,0.01047594139625088,0.5742752029891721,0.5754643283915811,3.1020217523012557,0.05649726793721161,3.0988152463687726,3.1052282582337387,23.63845007447699,13.671243059401244,22.86253782995741,24.414362318996567
SNTRUP761_run22_waveform,idle_post,5.396374999999999,0.0025908246658119566,5.395638695776834,5.397111304223164,0.43807784,0.001866961182111246,0.4375472555027114,0.4386084244972886,2.3640329999999996,0.010240355643935708,2.3611227231268352,2.366943276873164,48.03194644,0.44034399417070574,47.90680206152025,48.157090818479745
SNTRUP761_run04_waveform,active,5.395818786367415,0.00374719755828879,5.395606823689741,5.396030749045089,0.5728999833748961,0.0130761012237733,0.5721603251674449,0.5736396415823474,3.0912650390689937,0.07059927526113123,3.087271544946138,3.0952585331918496,23.687931167913547,13.709366698198325,22.912451885232105,24.46341045059499
SNTRUP761_run04_waveform,idle_post,5.396374999999999,0.0020399392247849707,5.395795255686913,5.396954744313085,0.4373912200000001,0.001051764237762783,0.43709231191090503,0.43769012808909513,2.3603268799999997,0.0055231193701696015,2.35875722684247,2.3618965331575295,48.15966042,0.4381015942705193,48.03515332452066,48.284167515479346
SNTRUP761_run07_waveform,active,5.396189330543933,0.003198401959704525,5.396007805043095,5.396370856044771,0.5743980167364017,0.010491612902115048,0.5738025645979136,0.5749934688748898,3.0995603949790795,0.0566254498463469,3.096346614074424,3.1027741758837353,23.621894845188283,13.659914418221454,22.84662555839881,24.397164131977757
SNTRUP761_run07_waveform,idle_post,5.396699999999999,0.001984634855635721,5.3961359730147205,5.397264026985278,0.43779167999999996,0.001373803575063456,0.4374012493438981,0.4381821106561018,2.36263088,0.007399407316695547,2.360527991708063,2.3647337682919374,47.99317104,0.4398738956741456,47.86816026203475,48.11818181796525
SNTRUP761_run18_waveform,active,5.394393875838927,0.005692693498912808,5.394070379524389,5.3947173721534645,0.5753506040268456,0.010929279235097854,0.5747295304429992,0.5759716776106919,3.1036673632550333,0.059014247758345476,3.100313785259188,3.1070209412508785,23.590979794463088,13.641303090010913,22.815791164343743,24.366168424582433
SNTRUP761_run18_waveform,idle_post,5.3942499999999995,0.004948716593053931,5.392843590305514,5.395656409694485,0.43869652000000003,0.0012355922192393823,0.4383453685766172,0.43904767142338286,2.36643892,0.007057382256899509,2.3644332341545575,2.368444605845442,47.926860420000004,0.4386336918325088,47.80220210406672,48.051518735933286
SNTRUP761_run25_waveform,active,5.394697732997481,0.005330509843581107,5.394394690941601,5.3950007750533615,0.5748956926952141,0.010523764899267955,0.574297411584353,0.5754939738060753,3.101389616288833,0.05690252755635924,3.0981546801492397,3.1046245524284264,23.55721740050378,13.622827164136773,22.78275310499331,24.33168169601425
SNTRUP761_run25_waveform,idle_post,5.3961250000000005,0.0016608102890838493,5.395653002938268,5.396596997061733,0.44146438000000005,0.023106643924743757,0.43489754445552836,0.44803121554447173,2.3821932,0.1245936786346494,2.3467840683173873,2.417602331682613,47.86729792,0.44081119723133627,47.742020763879545,47.99257507612045
SNTRUP761_run11_waveform,active,5.394106994171524,0.00564430031454734,5.393787454371236,5.394426533971811,0.5742674129891757,0.010461768361163002,0.5736751427011887,0.5748596832771627,3.0976618601165695,0.056614478278164404,3.0944567544215777,3.1008669658115613,23.723755887593672,13.719765331515642,22.947041179000315,24.50047059618703
SNTRUP761_run11_waveform,idle_post,5.396825,0.0014108273010788304,5.396424047317385,5.397225952682614,0.43750914,0.0011462514061594173,0.43718337895476195,0.4378349010452381,2.3611606600000004,0.006021599731883603,2.359449340291145,2.3628719797088555,48.20397922,0.4383359158203359,48.07940553107302,48.32855290892698
SNTRUP761_run06_waveform,active,5.396059623430963,0.0033645188179741814,5.39586866995757,5.396250576904356,0.5735752476987448,0.010413075515219443,0.5729842529545025,0.5741662424429871,3.095045725523012,0.05618091794702326,3.0918571740537684,3.098234276992256,23.5920068209205,13.636799202934395,22.818049439602824,24.365964202238175
SNTRUP761_run06_waveform,idle_post,5.394975,0.004880524081092355,5.393587970402982,5.396362029597017,0.43745570000000006,0.0010399612679208327,0.43716014627781963,0.4377512537221805,2.3600611600000003,0.005474030542666086,2.3585054577328872,2.3616168622671134,47.927100120000006,0.43927905658604743,47.80225839343312,48.05194184656689
SNTRUP761_run14_waveform,active,5.396030646515533,0.0033919245921466596,5.395837813966311,5.396223479064756,0.5741154769101596,0.01050753917041206,0.5735181182398107,0.5747128355805086,3.097944380352645,0.05669404679211156,3.094721296445064,3.101167464260226,23.5276430109152,13.605581347463676,22.754159148401442,24.301126873428956
SNTRUP761_run14_waveform,idle_post,5.395899999999999,0.003124132532661266,5.395012131358065,5.396787868641933,0.4415894600000001,0.022772459093199148,0.4351175987338078,0.4480613212661924,2.38276226,0.12259886121767119,2.34792004915458,2.4176044708454194,47.81585450000001,0.44108603899902277,47.69049923471342,47.941209765286594
SNTRUP761_run02_waveform,active,5.395941139767055,0.0034730912953943615,5.395744600220077,5.396137679314034,0.572542387687188,0.010843472757220553,0.5719287639606244,0.5731560114137516,3.0894042321131447,0.05848739151526578,3.0860944759176783,3.092713988308611,23.67123587687188,13.690916093097396,22.89647753688143,24.445994216862328
SNTRUP761_run02_waveform,idle_post,5.395124999999999,0.003679178174649302,5.394079389131956,5.396170610868043,0.43673683999999996,0.001160433704285088,0.43640704839023087,0.43706663160976905,2.35624914,0.006136553765987682,2.354505150716126,2.3579931292838743,48.107005959999995,0.43764441098905593,47.982628794571625,48.231383125428366
SNTRUP761_run09_waveform,active,5.396172134551496,0.0031992586181651796,5.3959912417179625,5.39635302738503,0.5735539676079734,0.01360226416283548,0.5727848668879123,0.5743230683280345,3.0949972956810634,0.07346956526347449,3.0908431714212874,3.0991514199408394,23.736091553156147,13.755103813366542,22.958348956722837,24.513834149589457
SNTRUP761_run09_waveform,idle_post,5.3953,0.00497160303470553,5.393887086050763,5.396712913949236,0.43780956000000004,0.0011882080859471533,0.43747187499829926,0.4381472450017008,2.36211488,0.006862048256243924,2.3601647074633156,2.3640650525366844,48.27939302000001,0.43862530314746273,48.15473708810464,48.404048951895376
SNTRUP761_run16_waveform,active,5.394354026845638,0.005464571848163895,5.3940434939048165,5.394664559786459,0.5751140486577181,0.010537562196916596,0.5745152350143055,0.5757128623011307,3.10236926090604,0.05694166298437001,3.099133460819031,3.1056050609930486,23.567834500838924,13.626236349419672,22.793502062090905,24.342166939586942
SNTRUP761_run16_waveform,idle_post,5.3968,0.002476419403337015,5.396096209392683,5.397503790607317,0.4383317800000001,0.001748265044236127,0.43783492857185513,0.4388286314281451,2.3655889,0.009501709391322308,2.3628885440691523,2.368289255930848,47.88663252000001,0.4405774431611983,47.76142179605125,48.011843243948775
SNTRUP761_run27_waveform,active,5.396150414937759,0.002931145019163103,5.395984750734678,5.39631607914084,0.5731147966804979,0.01392837272053637,0.5723275846006199,0.5739020087603759,3.0926131701244817,0.0751583905634614,3.088365323362849,3.0968610168861144,23.746729016597513,13.744097843565378,22.96993189416507,24.523526139029954
SNTRUP761_run27_waveform,idle_post,5.395650000000001,0.00351962428421565,5.3946497338459,5.396650266154102,0.43801698,0.0031409339667152042,0.4371243364433398,0.4389096235566602,2.36338332,0.016492437814925442,2.3586962210335396,2.3680704189664605,48.27819094,0.4385161697243684,48.1535660234803,48.4028158565197
SNTRUP761_run29_waveform,active,5.39625207641196,0.002964881005319179,5.396084435783254,5.396419717040666,0.5735664526578073,0.013426887373311025,0.5728072681115163,0.5743256372040982,3.0951100797342193,0.07250038779995659,3.091010754813446,3.0992094046549927,23.746547834717607,13.747922462054683,22.96921128704198,24.523884382393234
SNTRUP761_run29_waveform,idle_post,5.396225,0.0037157449056793657,5.395168996981982,5.397281003018018,0.4385463600000001,0.0036097965161714105,0.43752046718112475,0.4395722528188754,2.36649576,0.019684026574512698,2.360901621544029,2.372089898455971,48.28724958,0.4390175080986942,48.16248218469078,48.41201697530922
SNTRUP761_run24_waveform,active,5.396167156040268,0.0031980369791032065,5.395985422529287,5.396348889551249,0.574895519295302,0.010407991526792941,0.5743040687102141,0.5754869698803899,3.1022322483221476,0.05618077344734865,3.0990396869868904,3.105424809657405,23.584041927852347,13.63380265131602,22.80927952202835,24.358804333676343
SNTRUP761_run24_waveform,idle_post,5.3948,0.005837729150333444,5.393140935732239,5.396459064267761,0.43857138,0.0013453183052530683,0.43818904476800624,0.4389537152319938,2.3660036,0.007304122037226243,2.3639277914848633,2.3680794085151367,47.9079295,0.43919868541289836,47.7831106146678,48.032748385332205
SNTRUP761_run26_waveform,active,5.3960970024979185,0.003251403441719744,5.395912931355611,5.396281073640226,0.57444607826811,0.010579047415632576,0.5738471684812383,0.5750449880549817,3.0997658900915903,0.05705118789943154,3.0965360610301254,3.1029957191530553,23.744590751873442,13.731362565979612,22.967219491045444,24.52196201270144
SNTRUP761_run26_waveform,idle_post,5.3958,0.0029097829360098027,5.394973048839411,5.39662695116059,0.43872862000000007,0.0046071375188894885,0.4374192860042953,0.44003795399570483,2.36729328,0.02498827987648024,2.360191689434857,2.374394870565143,48.24384094,0.43913344967646367,48.11904059445896,48.36864128554104
SNTRUP761_run15_waveform,active,5.3962292531120335,0.002921680660207955,5.3960641238212395,5.3963943824028275,0.5735723975103735,0.013145172964107627,0.5728294507816308,0.5743153442391161,3.095129798340249,0.07100906063675921,3.09111646588314,3.099143130797358,23.754625918672197,13.761332026837831,22.97685474438667,24.532397092957723
SNTRUP761_run15_waveform,idle_post,5.3965250000000005,0.002040564397715602,5.3959450780147336,5.397104921985267,0.43815296000000004,0.0013537157323757502,0.4377682382456238,0.4385376817543763,2.36450312,0.007243993499585775,2.3624443998261864,2.366561840173814,48.3146256,0.4390090282401109,48.189860614639926,48.43939058536007
SNTRUP761_run23_waveform,active,5.395929166666667,0.003408854824556382,5.395736101200172,5.396122232133162,0.574639455,0.010792424422733229,0.5740282102967138,0.5752506997032862,3.100715525,0.058346857359994383,3.0974109656055817,3.1040200843944183,23.723629969999998,13.717202882057258,22.946736171429688,24.500523768570307
SNTRUP761_run23_waveform,idle_post,5.395875000000001,0.003806965286665649,5.394793072436549,5.396956927563453,0.4385069800000001,0.0011872286455163982,0.43816957335218987,0.43884438664781034,2.3661293000000003,0.006739165721545142,2.3642140502932727,2.368044549706728,48.191894860000005,0.43951242497512005,48.06698681087077,48.31680290912924
ALL_RUNS,active,5.395837912470091,0.0037464609347252946,5.3957991793212,5.395876645618982,0.5740905188359023,0.011180773428031662,0.573974925327936,0.5742061123438686,3.097699531411719,0.06036158620019709,3.097075477312045,3.0983235855113933,23.661280159868678,13.681086492539816,23.519836923348215,23.80272339638914
ALL_RUNS,idle_post,5.395571666666667,0.004063921446981998,5.395365841453795,5.39577749187954,0.4383957366666667,0.0077670581156898694,0.4380023588883531,0.4387891144449803,2.3653949146666666,0.04187117986185806,2.363274267252409,2.367515562080924,48.07981404133333,0.4733685297177669,48.05583937064459,48.103788712022066
